date,value,GPD_per_capita,eu_prod_index
2016-11-16,720092.381300162,48671.50647991839,102.73345927780994
2016-12-05,1123759.2406970647,48677.495707504815,101.28965717592052
2016-12-21,840697.1616390528,48668.77784767944,102.85719219271883
2016-12-23,1115571.1343451787,48683.210790565885,101.75388270223449
2016-12-27,930860.58783163,48679.77230923417,102.90382762545231
2016-12-31,811141.051290987,48678.38548227616,102.52308892648367
2017-01-06,1150752.6344612564,48685.53479453184,103.42934158713595
2017-01-14,972879.8158036454,48687.34091503872,102.79758567182223
2017-01-15,1089300.0054443001,48686.152857635076,101.65376048583047
2017-01-15,1037315.1420470786,48671.2666280986,102.64600688490609
2017-01-17,731932.257975481,48670.60855874589,101.3211612010261
2017-01-22,972431.7516401763,48664.06533751697,101.76049783584988
2017-01-22,955551.8464521898,48670.224857262016,102.81542590129682
2017-01-25,797381.2760362788,48680.449129523775,102.2717751132532
2017-01-26,631566.9583798721,48679.41133121399,103.03598954652522
2017-01-31,1088416.2649056923,48674.625293117584,102.17193424522235
2017-02-01,1099418.7798552471,48666.28172099262,103.51536490420908
2017-02-02,932181.7051501524,48678.657233694816,102.91176092861812
2017-02-03,1002554.9295082173,48678.45817391657,102.53736441456519
2017-02-04,1108624.6554378204,48689.07911635824,103.41153221532078
2017-02-08,1001190.0099104304,48674.394773030246,105.05935168274404
2017-02-12,1042697.0392140027,48680.571302066695,102.51283574593018
2017-02-12,739521.8596267572,48674.889036795124,102.37639213952102
2017-02-12,841670.2682852078,48671.869005403336,102.66055759609745
2017-02-15,1086655.8246380808,48671.764032441875,103.1045709126718
2017-02-17,950423.7863332392,48673.70848354068,102.81816645386264
2017-02-19,976949.967042005,48681.88616763716,102.65925843366037
2017-02-19,748313.2464611724,48675.52598413118,102.64369787522725
2017-02-21,946960.3036737163,48668.68785519153,102.44716138870355
2017-02-23,750139.9019360146,48687.64807930445,102.78403890090803
2017-02-25,737937.8608262546,48667.220520162184,102.7176613001867
2017-02-26,1022044.7768763845,48672.90760449256,103.4672193245131
2017-02-27,854913.2975706287,52286.89281249108,102.34817230769345
2017-02-27,1001930.3211383957,48680.892549549324,102.70890723398324
2017-02-28,800795.7363247627,48671.99789743995,103.4843463829826
2017-03-01,849561.2456360688,48675.93449888791,102.83813798214251
2017-03-03,1093758.5729990671,48684.88045535523,103.84094726988631
2017-03-03,839240.278411413,48679.43807671404,105.1372139062134
2017-03-07,806335.3524584875,48680.824211326246,103.57790711008909
2017-03-07,791794.3752728495,48680.040058020655,102.99537666488288
2017-03-09,826068.1545797765,52291.87394593746,101.91208870391567
2017-03-10,1010884.2925593156,48678.72726771463,102.72580398606851
2017-03-11,761798.3838417961,48680.41346267656,103.26545740333722
2017-03-12,829730.4704285007,48665.84408838836,103.3099407718819
2017-03-14,988930.0608265037,48675.64499625966,102.86816602809469
2017-03-15,888681.002792833,48680.890204056115,103.58725772193968
2017-03-17,822917.4978142439,48680.47943320563,102.81268638326996
2017-03-19,751262.025600117,48668.62506396994,102.90981630528093
2017-03-21,959267.3529978031,48679.74325587376,103.24439197129772
2017-03-23,946479.7359673493,48682.5763996923,102.87151636463283
2017-03-25,821793.6547273372,48675.69114892284,102.7647663906183
2017-03-25,859313.6638101127,48688.613308887085,102.74126955715491
2017-03-25,992589.9156700665,48673.6117774753,103.50113659657326
2017-03-25,968767.6442651032,48674.89554703587,102.86350025238141
2017-03-28,786271.458797748,48677.21599650955,105.00682093172368
2017-03-28,756953.1766681948,48683.63733533899,105.12165416622867
2017-03-29,813957.7845603471,48670.82720977035,102.1664322275045
2017-03-30,718799.3381834507,48685.20004830463,102.77356054869838
2017-03-31,703786.3804908096,48672.28535329466,103.6762991432569
2017-03-31,922595.904437511,48680.693040719685,103.7237189433584
2017-04-02,892190.3903186887,48681.1788452208,102.85989913192977
2017-04-09,947022.9490969348,48662.858607820526,102.68886537450207
2017-04-12,969874.5361495556,48678.277975234756,103.93656274770336
2017-04-13,873712.4711747835,48660.76357165068,103.55396105033995
2017-04-13,912989.9468256745,48678.78031478943,103.43478950164103
2017-04-14,734725.4931871583,48685.941148811195,103.77665671436937
2017-04-14,824149.9698543274,48686.4720794493,103.42619267028675
2017-04-15,703257.8071741171,48678.61164202528,103.67998030030519
2017-04-17,708775.1603252691,48673.292122621,102.91410531736764
2017-04-18,867473.7961940726,48686.2457694847,105.11744988021299
2017-04-20,883127.8112505366,48681.694067136494,103.85848270407034
2017-04-23,750829.4874545445,48666.75891611213,103.62399556960287
2017-04-23,813139.5309609505,48680.04732804971,103.8509842497163
2017-04-24,784292.4800239897,48677.04505327069,103.51941020771875
2017-04-24,819740.4094359481,48671.877723724,103.6664640259274
2017-04-25,764104.8403876611,48674.48368127752,103.74910173776155
2017-04-26,943746.5685886311,48678.441925884705,103.25093608088494
2017-04-27,827354.7213469074,48675.58659861654,107.47950476290025
2017-04-28,876935.6151107406,48682.556618417955,103.85584213264228
2017-05-02,855655.3577599087,48671.9610288596,103.6961580629807
2017-05-02,979697.6551163523,48672.57999689428,102.98764808464473
2017-05-02,850193.1386082512,48681.61834325392,103.7136828102157
2017-05-03,854615.5814555228,48673.526460401656,103.87372857764043
2017-05-03,811804.7694982323,48665.26294106596,103.61615246560484
2017-05-03,790574.547186329,48676.9400617044,103.87123101312184
2017-05-04,659528.6894659534,48675.49913687814,103.00188206891735
2017-05-04,770486.6811870561,48676.15949424082,103.80471419723267
2017-05-06,868646.6994308211,48664.17775556847,103.73394649061704
2017-05-06,667825.5240440995,48668.628717464184,103.69845894963522
2017-05-09,831231.2345691707,48676.63766250463,103.54382499290855
2017-05-10,967881.2568151171,48684.90065707928,103.17483953535782
2017-05-11,676479.8437897369,48683.07048399769,103.71203749491995
2017-05-12,881274.0740938132,48685.18910573061,103.70110457117535
2017-05-13,796762.8297650722,48680.08440251584,103.43631370866913
2017-05-15,1162632.3517443652,48665.75223528907,103.54009226420845
2017-05-16,893880.6576564334,48673.91247979266,103.77618898984514
2017-05-16,680601.9574379236,48668.09725898094,103.6035538675097
2017-05-17,815753.2519948324,48684.872978220956,105.06221528341044
2017-05-17,765295.2049342839,48663.57960560938,103.52785704406233
2017-05-18,750073.6150678414,48687.709255294314,103.45955064584923
2017-05-19,705188.6860553373,48682.49459206838,105.76036834056941
2017-05-21,712349.1110170204,48666.6262328665,103.54041159575874
2017-05-22,760135.0063673722,48676.022963054085,103.73641714334283
2017-05-24,620282.6847107036,48670.0936575708,103.02205186436882
2017-05-25,622878.1475153292,48665.126459379775,105.69301266646114
2017-05-25,796450.221898767,48682.51613255217,103.84573172052325
2017-05-26,912214.673798171,48677.413968602705,103.9031317856252
2017-05-27,915954.5099681544,48678.782541314504,103.4246986525721
2017-05-28,789400.5368609583,48678.653140183014,105.15409692189459
2017-05-28,872758.7580921436,48673.3557602721,103.56134747055745
2017-05-29,729479.6742739246,48682.2050277381,103.5704361312281
2017-05-29,894415.6343287994,48664.34772015884,103.49072437117502
2017-05-29,1072438.986145147,48658.199442612495,103.79896587990983
2017-05-30,832238.7191620534,48681.88252862809,103.96226320500553
2017-06-01,922974.8384033104,48690.46129634116,103.8774571002619
2017-06-03,973668.5322898042,48687.968173449524,103.35742284639757
2017-06-04,798822.6708471926,48669.935100835195,103.27531048193076
2017-06-05,851583.6504481382,48675.30534305131,103.78882728357465
2017-06-05,768530.724835322,48669.36213260546,103.32867493140701
2017-06-06,893691.9150713607,48679.416764899936,105.12173515995158
2017-06-07,725196.8105294346,48681.441428487546,103.66556388207125
2017-06-08,790393.038910715,48667.291095100336,103.25509858579369
2017-06-11,774814.3019435261,48678.52146992667,105.11194133447626
2017-06-11,821055.086730542,48664.65747258277,105.06012334348914
2017-06-12,666165.2857014477,48666.9041198843,103.58879372369306
2017-06-12,835103.9339351119,48681.50282569907,103.55381382012963
2017-06-15,987885.1670041753,48668.816503521026,103.44065165163924
2017-06-15,1218038.3082553328,48675.71997709998,103.26832056399282
2017-06-16,678458.969641305,48680.25435254212,105.7406520425034
2017-06-17,781420.5627839456,48685.74545218854,105.04355175666488
2017-06-17,752771.0331928702,48673.689734284475,103.58636401966196
2017-06-18,821602.6622469925,48675.53333649974,103.71551041387929
2017-06-18,803097.9586483926,48677.51984021878,103.80040559330531
2017-06-19,706640.4715753311,48680.259067738094,103.7150457451222
2017-06-19,824385.7118364365,48673.82177895407,105.10129005640275
2017-06-21,803895.2652829094,48675.072529060104,103.36013400071303
2017-06-21,726556.4114665337,48657.065747848545,103.79256245781197
2017-06-23,733034.6932269114,48677.914517839345,102.23175547217308
2017-06-23,686321.2835896754,48665.4071657509,105.78366569625238
2017-06-23,679253.6120353467,48674.709930196586,103.52494631021824
2017-06-24,930292.97694132,48674.19436325901,103.838401229166
2017-06-24,885141.0032659756,48675.85332278727,103.69538442351121
2017-06-24,666563.3130089594,48676.08691396934,102.4138472766444
2017-06-25,656913.2037106967,48673.93577150448,105.08224694097282
2017-06-25,748855.8898074807,48673.671130903385,103.18960937057074
2017-06-28,844618.2903467865,48680.12364938722,103.1783091518802
2017-06-29,885725.9881691426,48681.55640863387,103.79733216780973
2017-06-29,793781.5236571061,48685.99340640366,106.11227875983019
2017-07-02,657782.2459170079,48664.29922030982,104.17877561541027
2017-07-04,853587.3830495464,48675.57636589584,105.11721356273657
2017-07-05,1125390.7468056341,48669.99466712407,103.61715332400917
2017-07-05,771847.6207797718,48691.47247980372,102.99895291575778
2017-07-05,674205.4317632061,48681.582949907584,105.11000602996461
2017-07-06,959010.0794445908,48675.40218822811,103.30884220247773
2017-07-06,693327.1661252943,48678.50039100296,105.09535604332673
2017-07-09,759869.8836874298,53037.61480406329,105.15904989741956
2017-07-09,618110.2881551364,48685.732772066876,105.28335411911264
2017-07-10,928935.3641738866,48685.8863266923,103.7920758087267
2017-07-10,1029093.4678984588,48689.10726482331,102.29350100910389
2017-07-11,864826.2805504856,48680.54634906705,103.31376736323911
2017-07-11,871868.9007725357,48684.14857769796,105.07930083942531
2017-07-13,785222.2962616498,48690.82794077282,105.76611805351595
2017-07-14,869159.3472962601,48690.689122518546,105.59845674296014
2017-07-14,796422.9332546677,48676.31263520295,105.75256506548143
2017-07-14,825152.8803305939,48661.85534870782,103.93174342247018
2017-07-14,888843.4816213365,48677.22346745619,105.08854625037002
2017-07-17,668584.9830061438,48677.95594459335,105.0835230865071
2017-07-18,664572.8061194277,48671.98857614424,105.34069582237822
2017-07-18,729066.4633321132,48674.25065252651,105.07380858155946
2017-07-19,694777.2100721785,48665.16466867339,105.70130948507196
2017-07-19,909040.9743393534,48670.14804615286,104.92831974427195
2017-07-19,639322.2734499599,48671.72652836182,105.0237521195957
2017-07-20,974832.9453283141,48680.684405878405,107.73932429736958
2017-07-20,708450.1469103869,48674.66742260278,105.77811443110637
2017-07-20,715464.754659832,48675.24253512784,105.63847885858199
2017-07-23,749216.7241844214,48672.595690104485,105.36130755546327
2017-07-23,667433.9385589417,48675.22750762794,105.62190223119978
2017-07-24,776985.6154936416,48663.05998025266,105.60214099726673
2017-07-24,714580.9321057711,48672.38006389318,102.4110315221493
2017-07-26,878012.2156897577,48672.47643841174,105.69140201096175
2017-07-27,661869.327398035,48685.685690903476,105.06784924566331
2017-07-30,789018.603124872,48676.77677960833,105.11438383055301
2017-08-02,656104.9452911527,48670.91991914065,105.54602598838031
2017-08-03,842769.3506073289,48680.28512438101,105.77020337592546
2017-08-03,817556.4468177388,48681.33359043814,105.18461871809183
2017-08-03,724847.5195430563,48667.70882576765,103.05979140721128
2017-08-04,727077.8553984714,48680.81363545194,105.06469574397244
2017-08-04,624326.6551413133,48677.687965239405,105.32701694096484
2017-08-05,658874.8782012705,48679.83069317199,105.8041016349563
2017-08-06,702632.80420781,48666.97844994907,105.24214499781128
2017-08-06,911745.0696241243,52291.874972979385,105.0215621168452
2017-08-07,674962.6883919383,48669.85656241549,105.0618525295644
2017-08-09,747984.8755869239,48679.70291113594,105.72038182600652
2017-08-11,875985.0191887462,48683.413175006404,105.23937713180825
2017-08-12,660950.369850377,48673.59729442149,105.41360728150327
2017-08-14,968814.2174201244,48690.63907113317,103.03974844890402
2017-08-14,930639.2570556873,48680.11252903254,105.71014965947936
2017-08-14,670633.876232229,48687.31209723958,105.7379099815424
2017-08-14,834527.601450034,48687.971404448486,105.428231764874
2017-08-17,692039.2687113842,48683.73486361264,105.28429199411573
2017-08-19,735350.2912889961,48670.06357994591,105.79304062625444
2017-08-22,818756.1287623503,48672.18804824123,105.39729118375803
2017-08-23,810951.7811862124,48671.37844696793,102.52210258261235
2017-08-23,845803.6960106358,48681.64556080282,105.1390761187565
2017-08-24,693443.1532621211,48679.51474702035,102.67059232425824
2017-08-27,872158.3189930901,48666.27996268013,105.6444479981005
2017-08-27,717470.0140978129,48683.92766792054,105.57766044586346
2017-08-28,798820.9266897179,48666.789149307646,105.41889148118139
2017-08-28,696611.4894016918,48666.94901370203,105.13382630079035
2017-08-29,757104.0499935095,48681.71894551726,105.06323502032413
2017-08-29,781285.3723985391,48671.634408683785,105.29760475998985
2017-08-30,612307.4965362702,48678.42704226351,107.41314101619082
2017-08-30,687635.4176371025,48690.4080580821,105.04639184888451
2017-08-30,951178.8594442586,48662.1407184478,107.41086188898518
2017-08-31,701976.4007193532,48689.91178668963,105.07855549976348
2017-09-03,662181.6660199258,48688.443035792145,107.48572181525837
2017-09-06,727984.7870544534,48664.889650958525,105.08274630493256
2017-09-08,865518.0749993987,48683.55857788566,105.68327150088562
2017-09-10,663487.5878799891,48667.37210661198,105.14093639732916
2017-09-11,784238.457819222,48677.91634436559,105.18638162985224
2017-09-12,861572.3567869439,48676.77674408063,107.55863427881394
2017-09-13,834126.714246931,48672.24170339891,107.52274255878352
2017-09-14,823936.647012973,48686.21156475781,105.03045136413776
2017-09-14,795335.7408953018,48676.13956978538,105.34728686156062
2017-09-15,851733.3592582636,48673.034564376416,103.50372538237468
2017-09-16,666105.8189731285,48675.312302786806,107.54614455361803
2017-09-17,826685.8858547874,48674.404652026584,105.12683042298993
2017-09-18,750491.7975212276,48671.33837957818,107.38499284223828
2017-09-19,781972.292719106,48688.93589292429,100.74211254659883
2017-09-19,841342.0462587364,48680.88122174107,108.02772007831425
2017-09-19,730295.5758538246,48669.82997657005,103.09474811911548
2017-09-20,977880.7468827628,48672.72572991962,105.06320043742274
2017-09-22,910181.9508962529,48685.72142708882,100.6393811309738
2017-09-24,742866.7650437634,48673.13131808587,107.75111849686971
2017-09-26,861112.3846131815,53042.598360397584,104.15628277722695
2017-09-27,823071.4809770806,48672.637722812615,107.56393907852402
2017-09-27,878728.9249335221,48681.78198613516,107.47333450787646
2017-09-27,765817.5121697139,48675.36804549412,102.70879072879676
2017-09-28,843546.0169834708,48671.7653855158,107.43232177889911
2017-09-28,921207.3589808384,48675.92948207226,107.8284697839293
2017-09-28,649645.7215479821,48669.661010754826,105.1267037453358
2017-09-29,703816.895708133,48665.17857106563,107.42614517036321
2017-09-29,728407.7702518927,48673.96295451343,104.97108592006961
2017-10-01,754836.462521454,48680.96032077668,102.77539101561287
2017-10-04,882198.2916421824,48676.0528655714,107.4488186210243
2017-10-05,839553.6805425428,48684.54517876914,105.101557589147
2017-10-07,657090.2310070983,48677.63268269706,107.47974596910178
2017-10-08,727702.7004709537,48682.1678920369,100.84843728401975
2017-10-08,725889.9662954634,48682.254081514315,107.56323807567537
2017-10-08,881500.9756307177,48685.40347386118,107.60479476926417
2017-10-10,636520.3443616208,48678.153290902665,105.6918456179126
2017-10-11,719433.1552317437,48669.755063709854,105.06927656109424
2017-10-14,742708.4997538636,48666.124958657776,105.21692877430786
2017-10-15,658723.2011115589,48662.86982991125,107.61483988076779
2017-10-16,726024.3836255021,53047.260382562185,105.03575634463529
2017-10-17,826166.8039656918,48667.17344547256,105.3498664374171
2017-10-17,853097.7789249568,48678.01590577714,105.30750248355355
2017-10-18,685232.0316771192,48679.225258980056,105.43511003388457
2017-10-19,769091.4147781216,48675.71017524851,103.2978855077026
2017-10-20,738362.2881085107,48680.39320754433,107.46484503034418
2017-10-22,712947.2420183326,48681.07929400237,107.33967637322074
2017-10-22,660070.2135798971,48663.763443269054,107.31507610931561
2017-10-24,659738.6080234555,48672.401748048695,105.25314787596268
2017-10-24,780550.858755324,48682.2752415516,104.97717761208706
2017-10-24,808143.4922071559,53034.11664349765,105.02880434968615
2017-10-26,680788.8219742025,48677.45746996804,103.26907711320054
2017-10-27,703223.1672417355,48680.54919505666,103.15167528268715
2017-10-27,828187.0732238425,48674.023456314084,107.78327232942829
2017-10-27,877718.3248189279,53047.41102779946,105.23443417225121
2017-10-31,730259.2694551302,48677.90832005298,103.55159009986974
2017-11-02,718129.0746352724,52286.67852456286,105.03121910504186
2017-11-02,909339.2762671538,48670.649118969,107.5196251651439
2017-11-03,696633.6889810978,48680.0404887895,107.54840561443636
2017-11-05,792365.3930776193,48680.11131498724,107.86812274229042
2017-11-06,913176.937968885,48673.50705819941,107.4971981233331
2017-11-09,757043.5463069896,48676.74385624681,105.35715831883928
2017-11-10,797729.4312816679,48673.257085998164,102.64018324600869
2017-11-12,745107.3590110462,48668.974095108446,104.90097280632966
2017-11-12,859326.7778357876,48674.36158906044,107.66757687650745
2017-11-13,773366.9103475319,48676.94486790986,105.11387741162301
2017-11-13,816269.103095418,52296.461887306104,100.53609292804217
2017-11-14,836387.295621836,48686.844742290916,105.01804052892719
2017-11-14,717013.2788320658,48691.962477901,105.03686751442663
2017-11-15,774141.7478031734,48674.56142004671,105.39623486149841
2017-11-18,814553.0098235268,48677.5011170979,107.45923604162718
2017-11-18,751064.9235995733,48672.20619054631,107.45943495447523
2017-11-20,682805.86065791,48681.34137152497,105.69334952111397
2017-11-21,992121.3663254476,53041.63137618273,106.04385384372952
2017-11-23,697603.1053693141,48676.52551459178,105.00766474973283
2017-11-24,865498.4298788744,48674.812743926144,105.02257010494353
2017-11-24,768088.8973613901,48664.97267729047,105.29234555373027
2017-11-25,872948.250988557,53048.18608529614,105.06804978552177
2017-11-25,836777.8623407232,48674.23297331838,107.46302831819698
2017-11-26,1095897.0975166126,53049.10269127161,104.93800890167975
2017-11-27,762753.9217269764,48683.780986693324,107.65000410272629
2017-11-27,715388.0676049106,53048.22996191358,103.84005370012223
2017-11-29,950055.9292907945,48672.58051261572,107.94542580371763
2017-11-29,763315.7053690954,48687.439645519815,107.79285864457697
2017-11-30,889160.0634852257,48687.90233933402,105.09582850588552
2017-11-30,876823.4513890399,53044.64582566855,105.09749357346507
2017-11-30,738670.7211564567,48666.31627925845,107.79683955194065
2017-12-01,950243.8766895349,48676.67631464345,107.88509097909785
2017-12-01,850220.9620971497,48680.81317531092,107.51242979533329
2017-12-01,692019.8038396098,52303.17275913352,103.81921676495058
2017-12-02,932780.8490177745,53043.53537210201,105.01209063392805
2017-12-03,967177.4497870343,53037.98199974312,108.00275195725065
2017-12-04,729051.353303739,48682.89744572827,107.8601274337369
2017-12-06,687730.1034873243,48677.342408868826,103.71983237534009
2017-12-07,685762.5850036567,48683.515459953764,107.89165370907226
2017-12-09,815047.2655077138,48675.444636909015,105.0654005466108
2017-12-10,835998.3515358418,48678.31975661895,107.7770884594225
2017-12-12,715270.9856176787,48686.06911244867,103.00825532232443
2017-12-13,688952.5051351417,48674.953229358354,107.88414831057258
2017-12-13,732971.412856945,48668.466962446444,107.89833183862225
2017-12-15,1023611.4377848625,53046.01812516529,105.03519026460408
2017-12-18,890151.9523958141,48676.45639359842,107.89965538560966
2017-12-21,796769.4755184775,53044.644771236555,105.05801183102524
2017-12-22,829522.6501134072,53030.73503211938,105.19201549395794
2017-12-24,641547.1694105937,48685.38568246741,107.72798890264608
2017-12-24,849663.8932124464,53033.81613878879,105.1255602338358
2017-12-24,723883.2395447256,48672.74436670085,107.72143450958497
2017-12-26,847174.2885101702,48669.31311884159,107.48396494282129
2017-12-28,880319.9354337618,48681.727353896254,107.72282609462773
2017-12-28,844094.182719772,48673.07449513479,107.93588884279865
2017-12-29,866848.24321604,53043.93856622585,106.34364469568015
2017-12-30,762543.210768353,48682.29983400054,103.45290425786027
2017-12-31,853725.7252846964,53045.422438618676,107.83232275195
2018-01-01,875394.3898271975,48680.891293060115,107.8844354745743
2018-01-01,719242.9057432853,48673.52476403149,107.50823141236529
2018-01-03,923524.1376929977,53038.26845330799,105.8181266434458
2018-01-03,742064.2036764008,48674.21324189604,103.19075139323198
2018-01-04,942717.3722870965,53035.06379898143,105.08979965154063
2018-01-05,694364.6097687584,48679.34816806627,105.08649964493779
2018-01-06,927008.8011137984,48674.97261308784,107.43344316658748
2018-01-07,817730.0735467866,48669.88968216427,107.69280668355603
2018-01-08,714043.426055571,48678.97453197414,105.55144900050276
2018-01-13,930681.620997633,48679.85672166869,107.54467066337077
2018-01-13,958591.6032544954,53038.57541705982,106.0896347412124
2018-01-14,887401.4741229395,53050.74654847675,105.10217301092034
2018-01-17,1412803.36563288,48678.51236795293,107.77710449842341
2018-01-17,914124.1299403146,48669.31065547567,107.5843141320743
2018-01-17,830009.2248689289,53043.58144202561,105.79429013973804
2018-01-18,1112135.0823313273,53044.60164058414,105.89458734605198
2018-01-18,805220.9433296908,53038.6004831634,105.16357929705752
2018-01-19,1291178.9193667714,53045.797398186114,105.20804437707184
2018-01-19,1019399.1537774856,53047.12343513738,106.07840201816136
2018-01-19,991065.0537634476,53047.83661767625,105.12158566866441
2018-01-20,791996.3484534578,48681.054305913414,107.67133026803779
2018-01-22,830805.7556206135,53041.8479395233,105.0825742828402
2018-01-23,814302.9915670722,48672.86166941827,107.8958015049473
2018-01-24,921780.7864722958,53048.37720790657,105.92783671358274
2018-01-24,831155.0317756569,52292.401748812495,105.33819788855497
2018-01-24,700371.8454052735,48664.00314741047,107.99409926970148
2018-01-26,1167848.7914733698,53026.36799921575,105.19099979829917
2018-01-28,820579.635380989,53049.51768866369,105.94246735151948
2018-01-28,969053.0490845895,53043.92591185391,105.17157230207317
2018-01-29,986585.5358495029,53042.44871041053,105.06509371134905
2018-01-30,1168250.1770887054,53043.20538475794,105.11680702672898
2018-01-30,1032305.3876431166,53046.88925446507,106.01310622073997
2018-01-30,787965.9472844107,48679.97308759449,105.10130966958013
2018-01-31,1013631.6165700505,53046.75847555318,104.30089718160968
2018-01-31,824014.4179339287,53050.79826095249,104.89357353338787
2018-02-01,796155.5695326044,53048.336379140244,105.08966435272714
2018-02-01,1125777.7917630612,53043.544356034356,106.09962770907363
2018-02-03,968895.2213197254,53051.49610568404,105.23589029855205
2018-02-04,904678.4229058902,53042.90747652896,105.3007331635388
2018-02-04,774641.2703279314,53033.52415112219,105.15258479034108
2018-02-06,930877.6272231771,53035.15011802383,105.22335064129076
2018-02-06,875083.1683773379,48678.598309589805,107.62419450457858
2018-02-08,1236393.6355835763,53045.543433899635,105.20854216800345
2018-02-08,931891.3735161861,53045.93446897945,106.26844420474225
2018-02-10,852608.3275411883,53046.86219637489,105.206682670138
2018-02-11,1144648.973649881,53040.92471293392,105.10505760994839
2018-02-11,837869.484439889,53042.280110065294,105.0342960028744
2018-02-11,1068615.5238201749,53045.79785287894,105.21361658004712
2018-02-12,878507.8701088798,53037.483296907776,105.20498660009324
2018-02-13,887752.2523243942,53037.12054553466,105.8670280079563
2018-02-13,1026467.9522284889,53047.35781266833,106.15414987453232
2018-02-13,1114232.880201845,53040.331862955325,106.05650046605128
2018-02-16,692400.1887197685,53039.82410849537,105.65141691353749
2018-02-16,890911.7193124191,53038.62522328534,106.11894556298901
2018-02-16,835827.9355392206,53034.6392457381,105.23737061219485
2018-02-16,867044.1630922988,53035.79335050976,105.12764946497134
2018-02-17,1039250.3694622408,53053.76545371598,105.22007678347126
2018-02-17,841763.1446205992,53049.489407599096,105.11346072440774
2018-02-19,780205.9405331215,48678.502670174465,107.91094971964903
2018-02-20,662529.1232420547,48681.49667469242,105.19430676680095
2018-02-22,860789.2201600069,53053.72811692588,105.12705083016759
2018-02-22,826628.3462577425,53036.79300217781,106.18863742507875
2018-02-22,997817.4937379411,53037.81261324336,105.89270241136488
2018-02-22,918883.8584556996,53042.94914736302,105.00894005512303
2018-02-26,936058.8905349883,53037.8082333444,106.37756553926621
2018-02-26,957504.1698097582,53043.32586535246,105.10843985875808
2018-02-26,796169.9300776283,53052.28903203838,106.20972238275358
2018-02-26,822474.6253133712,53047.35871349605,105.88088014185718
2018-02-27,1136445.3139468506,53045.16947773854,105.16804275801758
2018-02-28,795714.8503199803,53030.55601383703,107.9742696092027
2018-02-28,969762.0188839078,53042.14972008991,106.16896639902876
2018-02-28,930252.142007566,53046.60689088133,105.19264261517976
2018-02-28,846678.2667763411,53043.513605746135,105.09125173187017
2018-03-04,726385.5081706533,48669.750352377865,105.36320807962481
2018-03-04,823811.4678646541,53045.8889402923,105.0715370537618
2018-03-07,860817.3500372221,53039.345267446486,106.0555508842969
2018-03-07,1253377.2088051862,53041.07966854131,105.21031870691185
2018-03-08,790664.5603908919,53041.973544960914,105.19396936575174
2018-03-10,800255.3694547683,48689.00234825198,107.89607612146042
2018-03-11,861863.208936972,53042.938817295144,105.12738520583082
2018-03-12,1207460.8501170448,53037.89324241159,105.00061343160262
2018-03-17,1266896.2714656128,53046.70509457353,105.20149366712158
2018-03-17,1107818.4099733585,53045.324352054246,106.11340213026445
2018-03-18,987119.8758992421,53050.37627116464,105.08159909039871
2018-03-20,812982.847968201,53041.55776926863,105.22442700148117
2018-03-20,707042.9440234213,48677.57636288286,105.1089771090073
2018-03-20,897431.9486862409,53040.34440332461,106.09119573136105
2018-03-21,1195715.0894376873,53040.755959692906,105.19146771257772
2018-03-22,736441.8720133487,53047.236257776975,105.20168950202411
2018-03-23,797787.6193575999,48676.76280535437,105.40709977839673
2018-03-23,858267.3136031333,53045.817939110675,105.13192457452067
2018-03-25,940941.944604985,53042.974013943094,106.09824372034754
2018-03-27,1097369.3894477338,53049.355470361275,106.12147099438847
2018-03-27,1031635.3504261388,53037.33938473932,106.10946535085361
2018-03-28,1309449.242425651,53046.69136486068,105.21479846533005
2018-04-02,881193.2929858182,48686.535055629065,107.96197190635583
2018-04-03,846862.2559918439,53034.65216978993,105.13274011975537
2018-04-04,985106.3527537893,53047.28168342331,105.21485495721315
2018-04-04,867205.0993083685,53033.973452449514,106.16992788043322
2018-04-06,877867.3005019026,53043.575720036315,106.23986758912402
2018-04-07,929027.2636312346,53050.676460936185,105.20776079725785
2018-04-07,738168.2862097953,48671.887476698466,105.11317005057728
2018-04-07,820068.793157969,53053.88844970041,105.11560802702488
2018-04-08,1008557.7079590122,53044.1523387399,105.17968818919556
2018-04-12,884576.5791142932,53045.640913181596,106.20877975300706
2018-04-14,925128.9107707565,53048.4582961536,106.1141186216013
2018-04-15,969395.0484461312,53042.76761366312,105.24066533516331
2018-04-17,969021.907701591,48693.16404172229,107.96714967653641
2018-04-19,1065163.515697916,53038.37800818004,105.16634419185816
2018-04-20,878162.6121555486,53045.054226652675,105.16511130446912
2018-04-22,930135.0534688627,53042.72135330515,106.27257208339256
2018-04-22,702298.0437712006,53044.926164526216,105.01196177986812
2018-04-22,894287.4449115503,53042.22316287416,105.28798926034794
2018-04-26,669834.2406125356,53028.36580836369,105.20735673827362
2018-04-27,791548.6444232145,53045.035620814095,105.23306275740379
2018-04-28,920627.4809317607,53041.42948163064,105.21742224059206
2018-04-28,872084.2056465787,53045.66811949147,106.16617961772037
2018-04-29,779481.0330411068,53041.56161762842,106.21261804376375
2018-04-30,1240970.028306102,53044.012395231104,105.08245218229561
2018-04-30,763293.451426595,53041.913149346234,106.16623382240172
2018-05-01,943623.9102921359,53046.747383472044,105.1680393576524
2018-05-01,992593.5763135039,53045.34469120101,106.25712527025868
2018-05-02,801994.3402705998,53037.19965568488,105.25412903768995
2018-05-02,862843.444960076,53041.17073279266,105.46741687201751
2018-05-05,953867.5408766362,53042.90277237416,107.76931572105728
2018-05-05,891651.9893826537,53045.47595821309,105.15903551366944
2018-05-06,693972.4736669599,48686.82094974479,105.29600859023888
2018-05-07,854294.0991576714,53047.58407366033,105.19209769203995
2018-05-08,1009716.5412054763,53040.62609373994,106.17164710552603
2018-05-08,858589.6933842321,53053.41398012475,106.1312368667059
2018-05-09,825848.5824815514,53048.24829930367,105.20821418226966
2018-05-09,885045.7681821688,53038.76472066968,105.03009378441365
2018-05-10,771742.2583927099,53034.54995687221,105.04282776257155
2018-05-11,855607.189640932,53058.76990195681,105.12495863224223
2018-05-12,941372.6259946073,53047.964543389244,105.1862512444367
2018-05-12,948864.2877437813,53042.17545273097,105.11253291637665
2018-05-13,1107964.0908961492,53043.71597989116,106.2320129882405
2018-05-14,986583.7575486825,53048.74670735793,105.15493336133352
2018-05-14,696392.8450347839,53041.823042405435,106.14665452769108
2018-05-15,1206760.8932566633,53049.24682471976,106.13742775022713
2018-05-19,852376.507668563,52297.87951755595,105.17555184512493
2018-05-21,697988.5951807898,53039.01090032186,106.27771876426985
2018-05-21,799889.9352727898,53046.997221154415,105.14031950398538
2018-05-23,908192.7981027478,53051.51970931844,106.2549326674305
2018-05-26,1147481.2116956152,53038.956881216756,106.10923272428208
2018-05-26,1179644.5533315153,53044.74610666536,105.14533810876827
2018-05-26,757621.0471679328,53043.79579571751,106.1539495625848
2018-05-29,915933.0337712482,53044.95260730754,106.07526721428687
2018-05-29,878714.7089582519,52301.43031924802,105.5457712671619
2018-05-31,695873.0286169413,48664.08725179473,106.00990670005164
2018-05-31,1030762.6968441082,53049.63818305203,106.1056918176325
2018-06-01,942937.2025811124,53041.7088960075,106.22513014992317
2018-06-01,821832.5887202864,53045.825178411054,106.13103687866766
2018-06-01,1042060.7920397936,53036.200511689465,106.17113480415416
2018-06-03,1153782.6921976875,53037.43611874711,104.88762480708931
2018-06-03,854739.0274504727,53037.477020997976,106.0422280768282
2018-06-04,993738.4177380294,53042.81036431653,105.17398785120264
2018-06-04,835941.0218985629,53044.203088965834,105.15807860056971
2018-06-04,853581.9312409977,53047.97443672417,106.18126508313547
2018-06-05,729120.2925258745,53044.75286387632,106.0379868263699
2018-06-06,1143866.7166871089,53035.59192849445,106.23596576499041
2018-06-06,898955.5422196516,53044.25405886506,105.18744409616198
2018-06-06,769487.0459116226,53049.136698447765,106.11002996433292
2018-06-08,907226.8490181407,53043.178324916706,105.17503878948341
2018-06-11,758273.5938127335,52299.7360561684,105.21520773168062
2018-06-13,745544.4141112971,53043.97910083068,106.20350472614632
2018-06-13,1060911.2381922496,53044.212661382146,105.09398284676413
2018-06-14,958767.7982378504,53044.61016118843,105.10285041471826
2018-06-14,827370.4005833045,53038.58171700571,106.13077315891978
2018-06-15,1371986.2700418595,53046.860547435055,106.06559157177723
2018-06-15,737997.4154460938,53048.66694111813,105.13197239404374
2018-06-15,842539.025417158,53047.38933589087,106.20033479921695
2018-06-16,728891.0208641501,53040.22668041017,106.12524209034494
2018-06-17,745309.0616916427,53049.72548566999,106.08914426074696
2018-06-17,811986.522320056,53045.016196246215,106.2245465171624
2018-06-18,725294.535294971,52292.556999582965,103.4543735287818
2018-06-18,823601.2701348825,53035.667456020456,105.1897887576658
2018-06-18,765780.9564093436,53041.55812895561,106.3126099967276
2018-06-19,1169757.4010767704,53042.60610255204,105.00576701914659
2018-06-21,979670.5802596245,53047.18534564459,105.00526092618455
2018-06-22,725423.1792087494,53039.41512047926,105.44466988091176
2018-06-23,898891.1584828161,53043.23997080644,105.17934038444307
2018-06-24,776660.7143470022,53043.518487866466,105.61006913002768
2018-06-25,810982.753212069,52299.41010015871,103.9133372479199
2018-06-26,924643.7233309571,53045.87205805908,105.01636210083039
2018-06-26,799459.7308931504,53052.52739474799,105.1813766559976
2018-06-26,895996.0491032581,53049.4247497614,106.06202557385322
2018-06-27,705527.3755991715,53039.270426528084,104.94390557795519
2018-06-29,864807.1848006325,53036.149307419204,105.96946114528954
2018-06-30,794681.981777118,53045.79222605363,105.42710470993725
2018-07-05,796474.440199961,53043.02262618133,106.18275891165038
2018-07-05,731626.9861603262,53042.99866781966,106.14462376046104
2018-07-06,1014638.9103242584,53049.6470638679,105.14006818964576
2018-07-06,748574.1741322391,53044.0194410378,105.62655009755643
2018-07-06,712638.0889934696,53051.16781625404,105.59444231859435
2018-07-07,919824.9021753911,53050.03976432087,103.86970182139892
2018-07-07,844602.5885349989,53039.06628193574,106.2196170220862
2018-07-07,877219.1895493185,53039.45892416676,105.13118702826145
2018-07-08,1025839.4134539528,53035.23074026329,106.28026707276796
2018-07-08,1240836.973268326,53035.144457833194,105.20393490250794
2018-07-09,789855.2762459579,53045.91958533152,106.13834024675677
2018-07-09,743665.5676833399,53035.459492794056,106.22622324601707
2018-07-10,728343.7172104155,53042.44454223954,106.2432898140928
2018-07-10,755967.816709722,53039.57853168531,105.04169834546293
2018-07-11,676463.5436950115,48667.917680931976,105.16433616875538
2018-07-12,972073.7393411922,53052.62283174766,106.17457800581279
2018-07-12,694367.3312157993,53041.716792268846,106.09232935624166
2018-07-13,1092115.1368759435,53047.76738147178,106.07682800475023
2018-07-13,722495.8554000241,53048.130745158574,105.08731817488702
2018-07-14,839388.4788449878,53045.49693053318,106.19342881250533
2018-07-15,823951.6292774361,53041.254341532454,105.31936401761908
2018-07-17,935362.3982410529,52292.08704736593,105.22847570697789
2018-07-17,837452.4071319675,52288.488621009594,104.11592974914072
2018-07-18,768699.563179188,53043.95158753237,105.11604652120126
2018-07-18,654064.2660915524,53034.49933539479,105.08209713396477
2018-07-18,820647.6383236904,53047.05380029515,106.06201466450865
2018-07-19,754470.239423619,53046.649977916495,106.24691932159699
2018-07-20,746047.1792696828,53046.5411636577,105.43215582294486
2018-07-20,696132.3758491997,53039.19603627447,105.33871761519578
2018-07-21,947985.6121176358,53045.90941409118,105.08054959976252
2018-07-21,869552.2780965033,53053.063963100845,106.13420960317578
2018-07-23,861903.7565597239,53047.027380738444,106.06879533845824
2018-07-24,821933.5155075747,53046.78550637782,105.33509079286189
2018-07-25,925654.76563129,53047.032729411774,106.27959715667554
2018-07-26,913666.7870722525,53042.402777258074,105.08046155235294
2018-07-26,671176.6857659476,53047.005797683785,106.25970031698316
2018-07-26,1026879.5822697717,53042.67887902794,106.1659924370604
2018-07-27,737932.5740061798,53045.85302423751,104.1081446623307
2018-07-28,780518.0088165213,53048.78664038176,105.17212848975129
2018-07-29,721604.4978774241,53046.73290736693,106.04313335819343
2018-07-29,742002.6353885934,53039.73720209165,103.93215214466349
2018-07-30,688703.244618754,53052.23980737421,105.41068533777059
2018-07-31,751407.898821176,53051.21844785931,105.05656403674693
2018-08-01,818826.2955329084,53054.52591898579,105.06644210513065
2018-08-02,691003.2120479296,53034.07033069771,105.11449388526637
2018-08-02,736334.488798203,53044.65321130055,105.39297326512592
2018-08-03,714393.5651377152,52294.754923731176,103.49204752612239
2018-08-03,741552.0558014621,53040.905504570175,105.08750868945829
2018-08-04,709421.9585766445,53045.9439202757,106.16353210963626
2018-08-05,726228.4025727428,53042.6097493096,105.35099142152544
2018-08-05,727026.8363036319,53054.42604792669,106.22573485597913
2018-08-06,894722.3912567438,53048.706792546545,105.17609723374005
2018-08-07,869646.0176007646,53045.32162938472,106.12842389208434
2018-08-09,759184.7545863367,53052.14727697965,105.15869852763204
2018-08-10,693512.1754017108,53046.575458247964,105.09463572805268
2018-08-10,751867.356799819,53039.41139851738,106.08533807396475
2018-08-10,642265.7142597174,53034.13926861569,105.57138689948066
2018-08-11,821728.3190927799,52300.21035227743,103.52524961495158
2018-08-14,729123.1809484671,53054.13171899928,105.05040573093389
2018-08-15,734874.7857177452,52297.96468604731,103.86847725661067
2018-08-16,688222.8115580173,53047.94566604559,106.1412546026542
2018-08-16,744352.6681608149,53040.891930095575,106.0336685786183
2018-08-17,888360.8236617602,53045.088197081524,105.36618475252413
2018-08-18,908528.6008873277,53049.76363071566,106.19739819684621
2018-08-18,614150.0090854584,53037.65438881369,105.51203715444736
2018-08-18,706430.3490459378,53048.49745065782,106.07522479337804
2018-08-19,947027.8586726221,53036.90471716917,105.17703386578046
2018-08-19,780161.5685767317,53043.57798110679,105.44077174881897
2018-08-19,732946.4073036157,53054.08840113201,105.36609089078088
2018-08-20,780050.0426936148,53043.923077502724,105.4386609097233
2018-08-21,756796.4778108262,53030.93933116362,106.15792447984278
2018-08-21,693916.3387545869,53036.034121553086,105.06799249670944
2018-08-21,1009466.8064852883,53052.85444190927,105.40879119532148
2018-08-21,702578.6895760925,53041.936420442384,105.11212576307283
2018-08-22,741513.6812013312,53044.2514930181,106.09549351894734
2018-08-22,713012.2366216264,53048.61398493026,105.17875250692268
2018-08-23,717040.8463640229,53045.69686603948,105.38432092148733
2018-08-26,854106.9372922075,52291.33645668584,103.56939338717137
2018-08-27,737629.0401438457,53047.38060285771,106.10934532624591
2018-08-27,916473.8533829493,53043.2769622703,106.06133733891174
2018-08-28,875676.4353347654,53047.72981143563,105.19141652056648
2018-08-29,729693.2184109001,52294.286125438826,103.69190023468029
2018-08-30,685658.2283714748,53039.77097001183,105.64820611959148
2018-08-31,707471.0686051374,53051.28770386456,105.70127859246463
2018-09-01,725189.3611010357,53039.48546026678,106.18713220147949
2018-09-02,763899.8337892577,53049.0734392415,105.38107436467783
2018-09-07,866030.5099097427,53048.265218112894,106.07386215711325
2018-09-11,920709.3999103671,53048.38566273575,105.18269695249938
2018-09-11,688534.6992630408,53040.58939465246,105.46428578299961
2018-09-12,741771.6936646599,53043.481122865654,106.16921328581711
2018-09-12,792432.7519078035,53042.93812810124,105.18072641868861
2018-09-13,871536.9942919307,53051.45296484911,106.16161393356164
2018-09-13,1041146.1817013944,52292.820040831866,104.00417539607034
2018-09-13,898292.1936463708,53039.774296363415,105.48139289422804
2018-09-13,859584.7457130045,53049.75503696615,106.10717366073776
2018-09-15,721170.8362065894,53048.54400817527,106.14907476561429
2018-09-15,763220.5780756905,53034.24200082042,105.42846204838055
2018-09-15,723160.964564932,53038.05311831265,106.24784734997634
2018-09-16,732694.9597369448,53042.99562640671,106.1858727853048
2018-09-16,936069.0932220432,53047.37572580455,105.17380751468018
2018-09-16,765519.8608657544,53046.93840425707,105.38115763730754
2018-09-18,1003451.6023636386,53039.528482680784,105.11833325107347
2018-09-19,981175.2537523936,53053.68636728232,105.24065088191459
2018-09-21,930737.9993860908,53041.930043978056,104.11624494291657
2018-09-21,708384.3685188468,53055.40939820326,103.95690178229053
2018-09-22,915338.9855128533,53046.61308059794,105.50297432622945
2018-09-23,804722.3921320343,53046.71377090117,103.97166850817491
2018-09-25,725341.3681006219,53043.49676834249,105.35211512017007
2018-09-26,776717.691683624,52289.25472930035,103.62556811277588
2018-09-26,767413.7838011392,53040.95634188965,106.23155373870456
2018-09-27,750051.5143540995,53039.57515023011,103.94414316341243
2018-09-27,766358.562638085,53041.141670062665,106.13247401231622
2018-09-28,858456.4224856909,53047.49014295737,106.01997581775423
2018-09-29,1029448.913122355,53049.451828977595,105.2326488743685
2018-09-29,952924.0643681965,53038.81076071505,105.38530540828025
2018-09-30,796235.3290809025,53053.16360493735,106.14031197906407
2018-09-30,767103.9522003442,53044.234440995584,105.44320929482369
2018-09-30,891917.9918334753,53042.9394255515,105.50837419391694
2018-10-01,796024.9805572045,53045.07442115401,106.0882718549684
2018-10-02,792179.281820602,53053.97565450112,106.13748929456426
2018-10-03,768510.72087442,53045.60910249851,106.16220039407045
2018-10-04,712187.7299525893,53046.38924999222,105.42375317047556
2018-10-05,739086.2165808547,53047.6689188976,106.18271520025009
2018-10-05,701527.5018520058,53042.43432759568,105.33181659051604
2018-10-06,1083608.4991797581,53040.23055733018,106.16146051604187
2018-10-06,807431.746700432,53042.35012961601,105.40060261427872
2018-10-06,682958.96617111,53037.37689289094,105.37240650034627
2018-10-08,840273.2694000496,53034.99855955831,105.1846245806018
2018-10-08,859372.4129520848,53038.24165293474,104.15371700459585
2018-10-09,753270.7471293245,53035.02182719005,104.11340013975078
2018-10-09,718220.7220270555,53053.300523841695,105.46629136157289
2018-10-09,1097767.4301538798,53044.22435430308,104.02322540079955
2018-10-10,860479.2743043461,53055.675755540826,103.96250675668634
2018-10-12,876518.2823165067,53049.12890585058,105.33551321277021
2018-10-12,732542.3334226385,53050.53474454593,106.13554762767639
2018-10-13,702193.8438084004,53045.930048880495,105.36542430915972
2018-10-14,701333.4581332837,53050.94528158127,105.4005833401448
2018-10-15,709778.9483735078,53044.976335622574,104.29798773685413
2018-10-18,933476.8805169556,53049.07654790293,105.1891701639302
2018-10-18,923978.4361202844,53045.122000395866,105.16067264338275
2018-10-19,865069.7075683019,53041.824488405,105.33636183936362
2018-10-19,925753.402630751,53035.68037092524,105.42419637818259
2018-10-19,1015098.5822221297,53044.343931140225,106.15657250693879
2018-10-21,848930.006012463,53046.09189348011,105.17280141088798
2018-10-21,816588.9548647507,53046.77738277006,104.14474217939276
2018-10-22,706624.0606566104,53047.36294200032,106.09341845097296
2018-10-22,922707.0132130029,53041.371577808226,106.18713018732514
2018-10-22,889873.349449722,53046.12799912512,106.28696884911103
2018-10-23,977532.0332373404,53053.05597184801,104.24390278246578
2018-10-23,852853.7995778492,53039.62713026531,105.22370571423912
2018-10-24,675461.3652815259,53040.50388525735,105.44222988760386
2018-10-24,830328.354728383,53046.36317120492,105.36610248301463
2018-10-24,735148.4205554487,53031.47972279366,103.96122208715433
2018-10-26,706025.3260033105,53049.88463931081,105.35908270322577
2018-10-26,941181.0476850308,52298.36883205284,103.27885303575043
2018-10-26,722209.8252068134,53035.670860951985,104.10563605417597
2018-10-27,763270.6782257166,53033.94871531602,105.40030916035911
2018-10-28,884879.7369991189,53040.40076345002,105.42342853635436
2018-10-28,1026573.9205878179,53046.297305905806,105.28574230824753
2018-10-29,853889.2433614105,53039.56188975355,104.21665396050214
2018-10-29,767336.0596268615,53040.919885669835,104.35015990391481
2018-10-29,804295.8155815251,53035.02015925508,105.45071530550653
2018-10-29,890596.0027305539,53047.00233858774,104.20668047357162
2018-10-29,896776.9851694423,53054.87612327918,104.14393819802922
2018-10-29,761950.468872517,53039.038550207195,104.09583288202343
2018-10-29,754716.8605148214,53051.20842113113,104.33940484477769
2018-10-31,795847.4442053895,53042.07253029374,105.08507994073112
2018-11-03,884518.8547825005,53049.286288705545,104.10944009472556
2018-11-03,914407.6912323382,53045.07809388449,103.98840807960927
2018-11-03,739541.2158803256,53038.26199943667,104.21845275611163
2018-11-04,881574.14049074,53039.08900846778,105.45051641102107
2018-11-04,742051.3247994175,53040.1954856418,104.12155667458498
2018-11-09,736422.0416482165,52299.6622345485,103.8231485147913
2018-11-10,829333.7068961045,53045.37753943782,104.14448238702371
2018-11-11,883147.3279762239,53037.44389484983,105.24009322199743
2018-11-11,682279.7331214068,53039.64600705905,105.0910613506172
2018-11-12,710780.9933326454,53045.808121891074,104.41819532841521
2018-11-13,697341.9270483492,53052.47413347406,106.08754922656914
2018-11-14,885705.112785039,53045.61151791284,105.30705602469158
2018-11-14,745250.7836766397,53051.47785263488,104.11016536073863
2018-11-15,736597.8242396017,53040.04595692357,106.15316923671077
2018-11-15,963110.0369658336,53043.874859479,104.39195977459853
2018-11-16,916458.140942971,53055.37351990019,105.17352387754809
2018-11-16,985665.0105392403,53048.91816407738,104.19433931677709
2018-11-19,844258.2117782347,53037.2073629394,104.22819755952624
2018-11-20,749160.0705178075,53036.12068708311,104.0393103038273
2018-11-21,789222.078827694,53046.34811768643,103.98727115980599
2018-11-21,1048670.6867371842,53041.22607796347,104.08449297618598
2018-11-22,731689.9475837266,53049.83837913334,104.04901411107423
2018-11-22,853260.1750064463,53046.72866496032,105.03177612191907
2018-11-22,894144.4321392694,53035.69243630498,105.16233128168291
2018-11-22,1288812.8635799177,52291.10650162003,105.3118814521508
2018-11-23,871843.922186248,52297.38435572941,105.1569059796484
2018-11-23,801665.2119026762,52301.13516165404,103.91523120547377
2018-11-25,1327372.631557953,52301.16644717748,105.18138670457209
2018-11-25,684324.2591376107,53034.52072359063,104.0157392707765
2018-11-30,998499.655906438,53053.40809622118,105.31170054356758
2018-12-01,1073715.1334223717,53034.682075759265,104.1189075981009
2018-12-03,711778.9980182276,52289.94512920745,105.07726124931867
2018-12-03,967911.6818752484,52293.623396791096,105.15998868571066
2018-12-03,694421.6953022813,53039.3927572368,104.12891191844336
2018-12-04,947103.8535580321,52296.84058153977,104.01656920514075
2018-12-05,983375.8869982958,52297.27984824291,105.1838391890831
2018-12-06,686203.9652772456,53047.50278631177,105.41539563610623
2018-12-08,1076516.9389710242,53046.80081127142,105.9840725625332
2018-12-09,782799.8126138856,52297.98201078693,105.17095849233074
2018-12-11,723814.296517233,53048.17542036901,104.01093972201227
2018-12-12,1233393.4511342535,52305.18747944502,105.16519673126137
2018-12-13,936222.4229035696,52296.37477761027,105.02111775803841
2018-12-15,740767.1042444088,53041.397873247224,104.11678790695771
2018-12-15,833560.6374085635,52293.619708624916,105.24850612092732
2018-12-17,946963.7056993998,53051.57297914011,105.08655518359456
2018-12-17,983245.4211340196,53036.30626650477,105.33640487034316
2018-12-18,815872.6795499204,53041.95652439473,104.20445766862497
2018-12-18,855918.4256591069,53043.749696205065,104.11582947719556
2018-12-20,870765.8036038101,48668.01526855977,105.17935984115401
2018-12-21,819066.5897326762,52291.96561845648,103.92255870829065
2018-12-22,1070739.5700888513,52292.51119684215,105.21982643943852
2018-12-23,941347.951352964,53051.204519529245,105.03309313736104
2018-12-25,989059.9183415999,52305.160162475695,105.21468917989198
2018-12-25,756754.0198875846,53045.48790573639,104.01852775617407
2018-12-25,775232.3448171528,52298.50781256226,105.08708969733031
2018-12-28,893034.5192924647,53042.21764029611,104.36544363813135
2018-12-29,730773.043686676,53044.57909464136,105.59346127624453
2018-12-30,1092307.6433147143,52293.69494152927,105.1310937187835
2018-12-30,881441.2285452448,53042.21398194609,105.16635451568035
2019-01-01,904085.9231714192,52291.066228092386,105.31114709983054
2019-01-04,792797.6701449808,53042.14731203788,104.34593875458773
2019-01-04,905360.764406776,52296.74435154248,105.25680377303429
2019-01-05,1002185.003488373,53036.71121269577,104.22022032983175
2019-01-07,1230138.9669914707,52292.873850081254,105.28939743388052
2019-01-08,866304.7506352306,52288.29414339352,105.23307463878297
2019-01-08,1076478.6266038194,52300.82895624593,105.33041835118725
2019-01-09,792168.986328465,53043.193454843284,104.26328534988275
2019-01-09,900994.3221908231,52299.93336992392,104.01532414798935
2019-01-12,858263.4832103649,48680.37542501383,105.08798722632942
2019-01-14,721606.2872264432,53044.34190402886,104.51081768188962
2019-01-16,739828.1636894761,53041.65448732163,104.2679945967117
2019-01-16,720538.8807183277,53048.07003792514,103.89920647762428
2019-01-17,639222.7658517301,53050.210949615575,105.42593694264022
2019-01-18,967734.1618218954,52296.35922696346,104.38004072547865
2019-01-19,894398.63793835,52295.483477490176,104.8495479402631
2019-01-20,1162470.6421045798,52298.09912872763,105.20421050356754
2019-01-20,1160037.8106545066,52300.08033681363,104.24218779600783
2019-01-21,798473.4183692106,52291.327306026804,105.28026417805121
2019-01-22,820942.3143591603,52293.24703430976,104.26657326905404
2019-01-26,916608.3122663008,53039.6808552721,107.90084578585592
2019-01-27,818998.1157790805,52295.76069523016,105.1876086764464
2019-01-28,942860.1042818661,52296.811094863515,105.29802901671624
2019-01-30,1034973.9373136167,52294.22679510716,104.98623954228009
2019-01-31,668291.1484385709,52293.70788193049,103.8830885872232
2019-02-01,1141024.4256938016,52298.65652398105,105.2571994966603
2019-02-03,784226.299879272,52297.84039858171,105.13086408277694
2019-02-03,1109878.6010535713,52299.36856297657,105.1611086146838
2019-02-06,849261.7942385994,52292.73410015847,105.19806119277496
2019-02-06,995727.1291907065,48689.63526589892,105.42834985598967
2019-02-10,765450.8036741525,53050.91561785311,104.26799595381001
2019-02-10,881227.5175604882,52300.64369582085,105.2908201375559
2019-02-12,905617.8216828449,48685.9886156086,105.22447919581913
2019-02-12,775247.2589611466,48678.78033551811,105.11440591940918
2019-02-19,681600.9046115583,52301.33674215722,103.86312656447396
2019-02-20,886449.3159219765,52298.020488094335,105.12624686887978
2019-02-21,839308.6202447468,52299.20948850869,105.19498592196743
2019-02-23,852450.4399017098,52295.430726619314,105.12065545057878
2019-02-23,955979.6642748268,53041.258328496864,105.11741448494742
2019-02-25,873704.4159502281,52295.71971524952,105.2689065489387
2019-02-26,867932.4252096848,52287.82116713981,105.34755338159627
2019-02-27,1030727.49125672,52301.062535575984,104.18769916463285
2019-02-28,873745.4668600034,52302.377941623716,105.29067283197558
2019-03-01,914131.9311236185,52296.1423162127,104.85901958877382
2019-03-02,739682.8066353711,48679.814958893614,105.36083588506153
2019-03-03,1191499.3298240209,52294.08113620787,105.30774256128691
2019-03-04,834534.3613705732,52298.20953880195,105.30499800403734
2019-03-07,823895.4320629264,48686.61036921432,107.51209105447059
2019-03-08,904074.4058494832,52296.60935051657,104.22435681870849
2019-03-08,1130921.870440808,52294.68201564795,105.24394076629444
2019-03-09,868626.9016691674,52291.682805578654,105.15183061635153
2019-03-11,1011115.4868808105,52293.295678857445,105.14241323947361
2019-03-11,952694.5099357673,52292.41503704236,105.23680334662889
2019-03-12,822175.6530180346,52294.716881875305,105.20748231316283
2019-03-12,833341.5604423159,52293.49423814914,105.22282939528094
2019-03-13,961206.9668495024,52285.38299927577,104.98513281415048
2019-03-16,891061.1972515379,52291.057953601696,104.92097656723641
2019-03-16,1233976.9067213242,52299.28741508513,105.16942775845637
2019-03-17,821714.8367600682,52288.96272930559,105.18128419528132
2019-03-17,1042963.4415372049,52288.21531521817,105.2440878712912
2019-03-18,882598.8686355583,52300.24782375751,105.20658167557937
2019-03-18,769713.1132160709,52294.97614263893,104.19831090517869
2019-03-18,906837.3559457959,52302.90638284988,104.92955330847805
2019-03-24,672516.1130822795,52300.53545230973,104.02897091590951
2019-03-25,844157.8966818092,52296.498164495744,105.22497502254744
2019-03-29,878203.5823575483,52288.57852900314,105.33141503834801
2019-03-31,1060864.8717961302,52296.259026249914,105.00533024306883
2019-03-31,832846.6530453409,52306.77951746439,104.89290588138236
2019-03-31,708682.8339816948,53038.97020438176,104.07401321045238
2019-04-01,892229.0137298207,52288.56983422254,104.1631720159872
2019-04-01,883712.6066880258,52288.89839265646,104.21674243997101
2019-04-02,786537.4633962824,48673.92836957386,105.3840408968665
2019-04-02,867516.1819823772,52285.34464174192,105.30459926836653
2019-04-03,905262.4713084917,52301.7204806372,105.16031067119467
2019-04-04,945025.1525130426,52291.85572566436,105.24195817701401
2019-04-04,1168190.2315539233,53041.179227821725,105.1018288016212
2019-04-04,1042888.8980983866,48676.54953279104,103.54818921916319
2019-04-04,666059.8932818375,52293.16166856437,103.87661792105936
2019-04-05,795001.4142455125,52297.77056223506,105.08672319386189
2019-04-12,1296924.774235427,52296.7142586128,105.08406806103632
2019-04-13,838864.4237698358,48671.136255468606,104.86545181380102
2019-04-13,1027079.1625050326,52292.09128620176,105.04128598429396
2019-04-13,1052442.3745263394,52298.17964088455,105.10701457028702
2019-04-14,850394.3457966272,52290.98518977338,105.05773068318693
2019-04-15,928303.2106734049,52291.67984867228,104.02072408371636
2019-04-15,1027431.050043034,52299.83767708589,105.0387879011774
2019-04-15,917726.9177404012,52299.068953188886,105.18802658986037
2019-04-16,896013.5399819195,52286.14610412212,105.22492525088636
2019-04-18,926344.8091623322,52294.13561658996,105.23573741843339
2019-04-19,794903.9034687644,52300.42973915095,104.13133390979826
2019-04-19,1076550.3510534281,52302.3415178545,104.31025352993235
2019-04-20,896352.3926093255,52294.13567588531,104.17690619880464
2019-04-22,1044957.6654619186,52297.609643965654,105.16125810453957
2019-04-22,889898.1214618052,52296.908431042015,104.9472558161998
2019-04-26,1402425.4995203074,52298.85178432392,104.31456613845842
2019-04-26,794551.3241031464,52303.7232639175,105.08084600609655
2019-04-27,795194.2263886874,52299.2661926392,105.15331324862294
2019-04-28,876571.5611997633,52294.19629350691,104.21760397752783
2019-04-28,1004719.4341354853,52295.83500311766,104.24293729721794
2019-04-28,713048.6423659098,53047.031661801426,104.02144926901286
2019-05-01,907841.8377521153,52295.49863004816,105.26689398371371
2019-05-01,886496.1974816084,52293.339728388164,105.13373206500741
2019-05-02,731594.9142067754,52301.85695346902,103.5141582164091
2019-05-02,816499.7420070309,52295.48997399227,105.10311341451425
2019-05-02,1302779.8331525975,52293.442980063264,104.00678339067473
2019-05-03,902490.5132899109,52297.26758386864,105.16694559727604
2019-05-04,815088.0691924011,52298.32736406991,105.0228119259448
2019-05-04,1174535.339378985,52297.043818939965,105.06694250671367
2019-05-04,1010471.6233307903,52290.01381937097,104.99663599551621
2019-05-05,745242.7811701691,52298.252580032306,105.0682462872645
2019-05-05,1005373.873879529,52291.44136038646,104.02451125360467
2019-05-06,699537.0631915592,52292.046899522524,103.89488921255003
2019-05-12,1260484.7130003236,52300.09849037505,105.30665745293503
2019-05-12,774622.5330264136,52295.68516245873,105.24701882741267
2019-05-14,1059626.5809004705,52293.580642956884,105.10786975845834
2019-05-15,887519.4967644637,52292.40907794163,103.67103295081223
2019-05-15,890208.9258092043,52294.622639755515,105.12179527541082
2019-05-15,703395.4213704418,52294.583575443496,103.78859231330757
2019-05-15,1065760.5122458294,52301.29855658149,105.1407576781189
2019-05-16,877991.2529565236,52292.65403490212,105.01829071510484
2019-05-17,967089.3702282266,52288.53787842423,105.0832898860627
2019-05-18,1161295.659229941,52297.10822552585,105.18276998179265
2019-05-19,668201.6915743767,52290.54820601161,103.82317707843072
2019-05-20,688897.2725598426,52295.14344510841,103.87173134042482
2019-05-22,860460.8712828008,52296.494477761276,105.14568255816434
2019-05-23,1249727.8057298295,52298.35371779584,104.31886865003416
2019-05-27,979090.7786837306,52295.57560250049,105.17625022304927
2019-05-27,782011.7153138311,52291.08825030735,103.92491696591499
2019-05-30,979940.5729107736,53037.789257747325,106.15870680218002
2019-05-31,699855.9072501097,52299.66819202359,105.0291285370629
2019-05-31,872091.3405752177,52292.86399330066,105.15609110189735
2019-06-01,908998.6974899673,52302.374187371846,105.06180033188052
2019-06-02,726176.0770845293,52296.59125393468,103.8638021535726
2019-06-02,774081.4739376302,53053.507130571175,105.09536553637264
2019-06-03,827411.6931345403,52293.55897754625,103.89006834033634
2019-06-05,884467.8112228974,52299.218424432314,104.03617654863615
2019-06-06,932097.6028127378,52299.14461334732,104.20249417808321
2019-06-06,697938.8911069202,52304.20178226273,105.08888634507582
2019-06-07,887817.0051867217,52298.77080834996,103.88876673261854
2019-06-09,1049768.7879248923,52289.72145344196,103.98228630387223
2019-06-10,1061937.4118468117,48682.50856331377,104.0861272540514
2019-06-11,1195130.7960067596,52291.126190499206,104.02031744650343
2019-06-11,766042.932407373,53046.5419942786,104.97770375755884
2019-06-12,958513.0518135047,52292.149834826014,105.11178327248088
2019-06-12,891550.627825462,52302.57894945779,104.24351651713435
2019-06-13,728356.3972703107,52293.10695714386,104.15195302531319
2019-06-13,851891.7381484741,52301.886814422665,103.928686324995
2019-06-14,713094.3876894257,52290.75537675143,103.87802972953746
2019-06-16,1157909.9129262874,52292.384377024784,103.8925853319471
2019-06-17,781513.4564010972,48670.573704787756,103.29026531691335
2019-06-18,742816.7672950907,52294.52742381391,104.99250447765424
2019-06-18,698745.1195099319,52298.273079476516,104.95486654350611
2019-06-19,737190.7596199396,48690.36763620916,103.41292824294167
2019-06-21,786518.7884950167,52293.53400157167,103.60441144891722
2019-06-21,697267.3351126505,48692.530436805464,103.59411304083757
2019-06-29,873072.9904609735,52295.82278598297,103.47353133814751
2019-06-29,691474.2972138834,52292.509467216914,105.07711433152974
2019-06-29,1272014.9901800235,52298.791628278814,103.90026893045102
2019-06-30,900899.9305107384,52295.77245163549,104.11694253735229
2019-07-01,997078.4637534963,48674.503466013746,103.793406514925
2019-07-04,724807.3753669796,52294.29982104269,103.92936582827456
2019-07-06,762882.8588214511,52297.210708048,103.76988671324749
2019-07-07,778239.0831917886,52297.71315230131,104.06811197111634
2019-07-07,673114.7258339339,52289.84631483829,103.54434365100528
2019-07-09,835922.2247568975,52288.96442422399,103.85377844347467
2019-07-10,876096.5591269112,48673.616824045006,103.6684950865552
2019-07-11,792225.8281260906,52305.039932772386,103.67137238029756
2019-07-12,771025.4466290106,52299.00658679882,104.20743620182348
2019-07-12,683452.6865615004,52292.93316346038,103.61955157952004
2019-07-12,813909.3130530522,52294.26793641368,103.13519654123371
2019-07-13,908942.6037041551,52298.13579205558,103.81848715299456
2019-07-14,841958.1734409417,52287.835437748785,103.94867643359629
2019-07-15,690920.2409053992,52300.15789054196,104.0823062811833
2019-07-16,686500.2554339865,52291.40012490823,103.76306236839405
2019-07-17,883587.4510625796,52298.92630028736,103.81044469876655
2019-07-17,833251.6892835364,52294.72297838661,103.74219483004072
2019-07-18,801377.7520461929,52284.651008131514,103.82230726313044
2019-07-18,797061.0259417463,53051.69776679421,105.04692172885514
2019-07-20,794788.4939509921,52288.82487440625,103.99487660050049
2019-07-20,826834.4510004146,52300.68978632013,103.81993142181156
2019-07-20,748801.8705960586,52299.33590492161,103.82373174822114
2019-07-20,1015335.3437344076,52292.331141512,103.83380489811894
2019-07-22,1096509.7870824032,52291.74504852831,103.81339027238555
2019-07-23,1033436.0578166757,52299.09345657481,103.45151272821336
2019-07-24,824593.4791877558,52298.18754542512,104.0426612043554
2019-07-25,803049.6537910567,52290.95712380082,103.157911602542
2019-07-25,830248.6081520609,52296.12396248192,103.92209362288897
2019-07-25,1303457.6508907285,52300.21347341943,103.94726373166534
2019-07-28,983829.5610250263,48678.993820735224,103.64455707098664
2019-07-28,751729.587738168,52295.808628033614,103.85799884951965
2019-07-30,953956.6066790568,52295.94817576117,103.46921468432949
2019-08-01,691862.2171752688,52300.75094971888,103.75362081883381
2019-08-01,724482.6826537037,52288.3121971855,103.7024451089539
2019-08-02,892863.9723607919,52292.22285280647,103.90277725882714
2019-08-03,711687.5598415867,52298.741862693416,103.88558370840782
2019-08-03,680764.2549283311,52290.59865147847,103.78119933425266
2019-08-05,811071.5228877771,52293.08584179286,103.73693716817779
2019-08-07,791588.987027027,52290.631456893585,103.66830486440671
2019-08-07,682135.3742841328,52291.59676412633,103.47016835954315
2019-08-08,631300.8111825597,52291.454409602695,103.90735694935036
2019-08-09,951414.6258477434,52293.52715599067,104.08107455330499
2019-08-10,1143770.0373959364,52288.35971638992,103.89526245055079
2019-08-10,685176.3590355795,52305.54851279764,103.89194961095488
2019-08-11,651466.8304971785,52297.65254964788,103.85343109437132
2019-08-11,703247.5338797126,53042.14580028216,103.9186223721195
2019-08-13,929209.3926719758,52293.136186686555,103.78154599632741
2019-08-13,716559.8967464773,52290.73786560091,103.90778498746268
2019-08-14,886555.5791616562,52296.731406513005,103.9419938156958
2019-08-14,828473.6744885774,52297.23446072469,103.21956741599868
2019-08-16,826038.028285093,52293.08108756135,103.28212688022114
2019-08-16,876986.8784942114,52300.445288283474,103.80498718384355
2019-08-16,1008130.6903103474,52288.25910233502,103.77873458887295
2019-08-18,828271.6383884745,52299.84488590766,103.6386465551845
2019-08-20,687640.9835402293,52295.999582377066,103.87908975737477
2019-08-20,751987.78209434,52296.57176640944,103.89277114622757
2019-08-20,794736.2264953296,53046.18729361879,105.66212568362103
2019-08-21,926071.0117568014,52300.53196826075,103.94499522425538
2019-08-21,862046.1567328902,52296.66722254579,103.90239467561588
2019-08-21,749521.5810635199,52295.421568593934,103.88381506608428
2019-08-22,739862.6312618313,52291.472015767074,103.37851861453125
2019-08-23,1002968.5966582196,52292.8857644987,103.79012263989397
2019-08-23,699658.03017415,48675.25651558429,103.69272434892368
2019-08-24,985612.6031488514,52300.62180031307,103.90857008845595
2019-08-27,766032.5952091591,52295.49779672086,103.39624142603127
2019-08-28,760128.7684005938,52295.83540068093,105.57351145829493
2019-08-30,951812.696771218,52298.435079161194,103.13208820932748
2019-08-30,682948.6117848083,52301.92519258855,103.24776212885286
2019-08-30,919421.1210407646,52296.5537822313,103.81556522732814
2019-08-30,664820.6203212036,52294.98289614748,103.7795883168504
2019-08-30,842610.03715081,52302.361572259855,103.82088074388656
2019-08-30,923938.0094096513,52295.827243719796,104.0151957377853
2019-08-30,969197.7405209837,52294.13745834091,103.787800295376
2019-08-31,946740.2902272984,52296.607965447634,103.80078705142697
2019-08-31,692238.2347092795,52292.228848681676,104.0965530279664
2019-08-31,635116.5441702608,52284.182220100985,104.09872211927072
2019-09-01,672635.1428755175,52291.262025276,105.75164964920413
2019-09-01,664779.6814594793,52298.70517823995,104.10184686652606
2019-09-01,723110.9451005951,53044.816763580246,104.07477870149734
2019-09-01,691343.7465755802,52294.97381908105,103.85749985125183
2019-09-02,850596.5415108445,52293.601063187045,103.83537898548201
2019-09-03,740705.1162522256,52295.32460273686,103.5242643635229
2019-09-03,684340.4513595568,52284.947058426245,103.73096933423359
2019-09-05,849204.803505501,53042.21846346287,103.33105826848652
2019-09-05,878657.2022763742,52288.67007172135,103.74929852393616
2019-09-06,908002.8573836389,53050.898374371194,103.9968037580356
2019-09-07,813902.4375707594,52296.4107489464,103.86415318626622
2019-09-07,832440.3320726645,52288.19365279523,103.2576487222445
2019-09-08,753307.1633699447,52287.07071974268,103.91707904905992
2019-09-09,715263.8122901776,52300.83588535885,103.67396314908909
2019-09-10,761870.9172878305,52296.096865756124,103.78055680943363
2019-09-16,774430.9466430416,52304.141143472014,100.43569154918973
2019-09-17,880340.6019992342,52285.89570233712,103.18325532815157
2019-09-18,752225.3755175465,52295.036552033795,103.72632623211021
2019-09-19,859370.9025348721,48695.152139879654,103.81760345669024
2019-09-20,734592.3214150826,52296.493054693296,103.26733723612192
2019-09-20,903422.5589466898,52292.819820356766,103.13593107050528
2019-09-20,830012.47766323,52290.34619149463,103.80183621879199
2019-09-21,656512.147197694,52297.14098449576,103.36972955621518
2019-09-21,664817.3655037773,52302.74725329374,103.30666426964945
2019-09-22,742844.1129296976,52299.06615214191,103.89986190903745
2019-09-23,706398.3378896374,52299.54960142223,103.1970695890277
2019-09-23,821028.880426653,52296.745274232606,103.96122525192246
2019-09-24,833850.1241898384,52288.644177703005,103.13152680932232
2019-09-26,887263.272724641,52292.78542720649,103.9072938523142
2019-09-26,787771.5916784841,52296.40522838782,103.55278803856946
2019-09-27,868814.7611226152,52293.91996114071,103.20169635524678
2019-09-27,1153469.4962887233,52299.162238611076,103.8743203298509
2019-09-27,693850.2082582996,52294.71635079796,103.90414263495882
2019-09-28,699962.9869534404,52298.97545311502,103.34395117361018
2019-09-29,804734.2780432772,53040.28308710047,103.37712297209684
2019-09-29,790573.5601780702,52293.14760507125,103.94355811838362
2019-09-30,723007.8354942745,52290.43268917158,104.21444392032943
2019-09-30,827041.4644391562,52293.97200800065,103.24744685491103
2019-10-01,773715.2631866974,52297.335797671956,103.2720003909894
2019-10-02,693236.2630181601,52295.83353798694,103.9368517061747
2019-10-03,734422.541281018,52290.06773667512,103.89518338457856
2019-10-04,760664.7582002993,52296.39950123815,103.10884159477264
2019-10-04,790516.4537954952,52295.87146089454,103.38001655250154
2019-10-04,709127.6523516674,52292.472777543866,103.23762466940963
2019-10-06,746904.5960578482,52286.15707289701,105.12657382345482
2019-10-06,722740.9444069272,52290.3115739807,103.89642993298857
2019-10-06,793107.0713175798,52290.5889499245,103.11793270687528
2019-10-07,698322.0355425575,52299.10142243011,103.09647651389592
2019-10-07,902026.9607499806,52301.27775181253,103.0550744895738
2019-10-12,707565.8255938619,52294.54754729366,103.35550733546812
2019-10-12,993018.3253088207,52296.618498604024,103.40608098990569
2019-10-13,726888.5547099959,52300.995484721294,103.71529724466842
2019-10-14,715356.8932076789,52281.88643716227,105.13605545022524
2019-10-15,783241.3418576373,52297.07694044372,103.14519514744106
2019-10-16,818056.0138637299,52287.28772085929,103.3274366403042
2019-10-18,819371.1236384922,52297.12509501894,103.90323385090794
2019-10-18,755882.29933535,52292.42114899102,105.69604293019964
2019-10-18,667362.795419261,52298.05278431234,103.76281844640428
2019-10-20,655059.0277925434,52295.25333043735,103.2941666064662
2019-10-21,908386.0341987966,52298.62901814315,103.38717886085777
2019-10-21,674403.3841127588,52296.8652300436,103.19543708149786
2019-10-21,832249.7812348907,52296.89886267513,105.14698762038195
2019-10-23,760298.3855394204,52297.415313813144,103.02395122299643
2019-10-24,968086.8620571693,52300.06136294573,103.83523479029692
2019-10-24,780763.9617179359,52296.800333345716,103.78471882185666
2019-10-28,665193.1336745772,52295.941779495595,103.17525197341567
2019-10-28,731059.3390395319,52296.08828926289,105.15522730614572
2019-10-29,685683.1044627912,52297.39606281905,103.23460540164606
2019-10-30,701870.6942025023,52299.81457742954,104.01830476519423
2019-10-31,733769.7391161193,52293.58319019065,103.14721085405338
2019-11-01,706078.3392851821,52296.11515780705,103.08424380164122
2019-11-06,1183229.1475888407,52295.454851537645,103.67607161886023
2019-11-06,692157.5017074897,52291.93781445998,105.13967201583888
2019-11-07,701194.7057000278,52289.04978256464,102.97350211015397
2019-11-07,710106.5392708911,52292.63538250954,103.90968471894071
2019-11-08,863119.8293662628,52294.26700604944,100.12231457316838
2019-11-08,691774.6133484506,52295.080202026074,103.2724074320197
2019-11-09,819615.188511852,52290.50293774556,103.08729283832392
2019-11-11,685161.9408118504,52295.75798098914,103.08465129956024
2019-11-12,865876.3630318476,52302.262969849085,101.31923172256298
2019-11-13,722489.0414640433,52291.9829009486,103.86150237518764
2019-11-13,931446.6361920711,52296.19256073621,102.9185073442637
2019-11-18,717602.0944811384,52296.76750285755,103.27974766191662
2019-11-23,739313.348059521,52291.01179727589,105.07018778247901
2019-11-25,702961.3406642014,52293.22893802442,103.89182772743204
2019-11-26,815187.065169519,52295.294813293265,107.58542557582821
2019-11-26,689830.7510042826,52303.61676329623,103.91164349302194
2019-11-26,737166.6854917522,52298.61193237751,102.94629798151952
2019-11-28,950774.9919405208,52282.52721435212,100.94450515134237
2019-11-30,788036.6065958422,52290.83864861238,103.36479112484474
2019-12-01,708728.0513544608,52294.79284332953,103.88605288052558
2019-12-03,887433.6034744724,52302.599582921466,103.84268439117099
2019-12-05,688697.2190160876,52296.967397623186,103.14351468597707
2019-12-07,744399.5911235015,52296.36707930194,102.91509369665796
2019-12-08,746835.7498894552,52293.65291046205,102.94896803875942
2019-12-09,770000.3825230178,52300.61271759095,100.80322952173269
2019-12-14,836069.661536773,52295.676990737964,100.9626724432286
2019-12-16,762380.4497552,52297.78393910912,100.85366950475289
2019-12-17,759785.9993233467,52295.55773733356,100.18607805476135
2019-12-19,953076.9096833235,52296.37441092428,103.87711491917484
2019-12-28,1414107.747860758,48677.76270100783,105.34716713754196
2019-12-31,674388.3153305185,52289.71032188486,103.47979334475201
2020-01-01,1610888.8214663393,52293.21012601987,100.9868757353577
2020-01-03,915537.3990600547,52299.73580002766,102.96139779603483
2020-01-06,689889.0969378905,52297.08928272629,103.54326373300812
2020-01-07,1284468.999695367,52287.25448469945,101.20764886767205
2020-01-09,714016.0160827112,52295.680372555355,103.59725475497928
2020-01-10,1094986.4937026144,52287.039968917445,100.95422345622832
2020-01-16,1029655.4628801293,52297.70633724308,102.82032518013875
2020-01-17,724760.5919773855,52291.11178079656,102.8947582924347
2020-01-17,685597.6927551297,52288.754480044394,101.0569318820799
2020-01-21,1943300.2636253315,52295.751124750284,101.10610739309709
2020-01-22,700784.9434763705,52296.756937350154,103.18061016198547
2020-01-27,923964.8617844653,52299.5822940856,102.79105788659433
2020-01-30,824331.3476958815,52292.03500591089,100.47516003536991
2020-02-06,740618.6133586547,52286.976224264174,102.98130527435617
2020-02-26,852998.4257998375,52298.02986218986,103.10805075085257
